CHROM	GENE	GENE_NAME	TRAIT	TRAIT_NAME	NOCOND_LOG10P	NOCOND_PVAL	NOCOND_FDR	COND_LOG10P	COND_PVAL	COND_FDR	COND_PASSING_PVAL1e9	COND_PASSING_FDR5	ANNOTATION
8	ENSG00000167701	GPT	p30620	Alanine aminotransferase	305.75	1.78E-306	1.39E-300	305.75	1.78E-306	1.39E-300	1	1	CDS
10	ENSG00000120053	GOT1	p30650	Aspartate aminotransferase	95.16	6.94E-96	9.05E-91	101.01	9.79E-102	3.83E-96	1	1	CDS
20	ENSG00000101162	TUBB1	p30110	Platelet distribution width	169.89	1.30E-170	5.07E-165	76.90	1.27E-77	3.30E-72	1	1	CDS
1	ENSG00000162551	ALPL	p30810	Phosphate	71.38	4.19E-72	3.28E-67	76.51	3.12E-77	6.09E-72	1	1	CDS
20	ENSG00000101439	CST3	p30720	Cystatin C	74.48	3.33E-75	2.89E-70	72.31	4.89E-73	7.65E-68	1	1	CDS
9	ENSG00000165029	ABCA1	p30630	Apolipoprotein A	66.73	1.86E-67	1.21E-62	61.39	4.11E-62	5.35E-57	1	1	CDS
1	ENSG00000169174	PCSK9	p30640	Apolipoprotein B	51.87	1.34E-52	6.14E-48	57.55	2.80E-58	3.13E-53	1	1	CDS
16	ENSG00000213398	LCAT	p30760	HDL Cholesterol	43.82	1.53E-44	5.20E-40	54.24	5.73E-55	5.60E-50	1	1	CDS
9	ENSG00000165029	ABCA1	p30760	HDL Cholesterol	60.52	3.04E-61	1.70E-56	54.14	7.27E-55	6.32E-50	1	1	CDS
2	ENSG00000241635	UGT1A1	p30660	Direct bilirubin	34.91	1.24E-35	2.70E-31	48.04	9.08E-49	7.10E-44	1	1	CDS
10	ENSG00000260314	MRC1	p30650	Aspartate aminotransferase	94.04	9.08E-95	1.01E-89	45.11	7.72E-46	5.49E-41	1	1	CDS
16	ENSG00000099769	IGFALS	p30770	IGF-1	80.54	2.87E-81	2.81E-76	44.04	9.11E-45	5.94E-40	1	1	CDS
1	ENSG00000169174	PCSK9	p30690	Cholesterol	39.62	2.41E-40	6.97E-36	43.52	3.05E-44	1.83E-39	1	1	CDS
16	ENSG00000213398	LCAT	p30630	Apolipoprotein A	33.94	1.16E-34	2.27E-30	42.48	3.30E-43	1.84E-38	1	1	CDS
7	ENSG00000106633	GCK	p30750	Glycated haemoglobin (HbA1c)	37.55	2.81E-38	7.10E-34	41.21	6.10E-42	3.18E-37	1	1	CDS
19	ENSG00000130164	LDLR	p30640	Apolipoprotein B	32.22	6.05E-33	1.10E-28	36.98	1.04E-37	5.09E-33	1	1	CDS
1	ENSG00000132693	CRP	p30710	C-reactive protein	146.12	7.57E-147	1.48E-141	35.54	2.91E-36	1.34E-31	1	1	CDS
12	ENSG00000073060	SCARB1	p30760	HDL Cholesterol	34.47	3.38E-35	7.14E-31	31.07	8.56E-32	3.72E-27	1	1	CDS
9	ENSG00000096968	JAK2	p30080	Platelet count	48.99	1.02E-49	4.00E-45	30.17	6.76E-31	2.78E-26	1	1	CDS
11	ENSG00000110245	APOC3	p30870	Triglycerides	33.48	3.34E-34	6.38E-30	29.82	1.50E-30	5.88E-26	1	1	CDS
9	ENSG00000096968	JAK2	p30090	Platelet crit	43.90	1.26E-44	4.48E-40	28.14	7.29E-29	2.72E-24	1	1	CDS
19	ENSG00000130164	LDLR	p30690	Cholesterol	24.18	6.55E-25	8.84E-21	27.72	1.91E-28	6.80E-24	1	1	CDS
2	ENSG00000242515	UGT1A10	p30660	Direct bilirubin	23.43	3.76E-24	4.90E-20	27.58	2.65E-28	9.02E-24	1	1	CDS
2	ENSG00000167165	UGT1A6	p30660	Direct bilirubin	23.33	4.66E-24	5.97E-20	25.66	2.18E-26	7.10E-22	1	1	CDS
2	ENSG00000180871	CXCR2	p30140	Neutrophill count	66.78	1.66E-67	1.18E-62	24.12	7.63E-25	2.39E-20	1	1	CDS
12	ENSG00000111252	SH2B3	p30090	Platelet crit	43.02	9.59E-44	3.12E-39	23.77	1.68E-24	5.06E-20	1	1	CDS
12	ENSG00000111252	SH2B3	p30080	Platelet count	39.10	7.86E-40	2.20E-35	21.45	3.57E-22	1.03E-17	1	1	CDS
11	ENSG00000118137	APOA1	p30630	Apolipoprotein A	21.12	7.62E-22	8.17E-18	21.43	3.71E-22	1.04E-17	1	1	CDS
19	ENSG00000104870	FCGRT	p30600	Albumin	63.56	2.74E-64	1.65E-59	20.18	6.60E-21	1.78E-16	1	1	CDS
18	ENSG00000101670	LIPG	p30630	Apolipoprotein A	51.48	3.29E-52	1.43E-47	19.92	1.20E-20	3.13E-16	1	1	CDS
2	ENSG00000288705	UGT1A5	p30660	Direct bilirubin	49.03	9.28E-50	3.82E-45	19.65	2.26E-20	5.69E-16	1	1	CDS
16	ENSG00000087237	CETP	p30760	HDL Cholesterol	19.94	1.14E-20	1.16E-16	19.37	4.30E-20	1.05E-15	1	1	CDS
11	ENSG00000118137	APOA1	p30760	HDL Cholesterol	25.12	7.58E-26	1.04E-21	19.05	8.92E-20	2.11E-15	1	1	CDS
20	ENSG00000101162	TUBB1	p30080	Platelet count	37.41	3.93E-38	9.61E-34	18.89	1.30E-19	2.99E-15	1	1	CDS
12	ENSG00000111700	SLCO1B3	p30660	Direct bilirubin	18.64	2.29E-19	2.13E-15	18.77	1.71E-19	3.81E-15	1	1	CDS
12	ENSG00000073060	SCARB1	p30630	Apolipoprotein A	17.90	1.26E-18	1.08E-14	18.67	2.16E-19	4.69E-15	1	1	CDS
1	ENSG00000117400	MPL	p30080	Platelet count	23.11	7.80E-24	9.84E-20	18.63	2.33E-19	4.92E-15	1	1	CDS
15	ENSG00000166035	LIPC	p30630	Apolipoprotein A	37.93	1.17E-38	3.05E-34	18.45	3.53E-19	7.26E-15	1	1	CDS
2	ENSG00000084674	APOB	p30640	Apolipoprotein B	36.51	3.09E-37	7.10E-33	16.83	1.48E-17	2.96E-13	1	1	CDS
1	ENSG00000117400	MPL	p30090	Platelet crit	22.60	2.49E-23	2.99E-19	16.68	2.07E-17	4.05E-13	1	1	CDS
22	ENSG00000177663	IL17RA	p30130	Monocyte count	167.19	6.49E-168	1.69E-162	16.61	2.46E-17	4.70E-13	1	1	CDS
2	ENSG00000180871	CXCR2	p30000	White blood cell count	47.15	7.05E-48	2.62E-43	16.37	4.23E-17	7.88E-13	1	1	CDS
18	ENSG00000101670	LIPG	p30760	HDL Cholesterol	41.77	1.69E-42	5.08E-38	16.02	9.44E-17	1.72E-12	1	1	CDS
2	ENSG00000180871	CXCR2	p30200	Neutrophill percentage	42.73	1.87E-43	5.86E-39	15.92	1.19E-16	2.12E-12	1	1	CDS
6	ENSG00000112499	SLC22A2	p30700	Creatinine	14.51	3.07E-15	2.11E-11	15.68	2.07E-16	3.60E-12	1	1	CDS
2	ENSG00000242366	UGT1A8	p30660	Direct bilirubin	4.86	1.37E-05	0.01896758227	15.51	3.12E-16	5.30E-12	1	1	CDS
15	ENSG00000166035	LIPC	p30760	HDL Cholesterol	27.50	3.18E-28	4.78E-24	15.17	6.80E-16	1.13E-11	1	1	CDS
4	ENSG00000163631	ALB	p30600	Albumin	15.54	2.89E-16	2.13E-12	14.82	1.52E-15	2.48E-11	1	1	CDS
9	ENSG00000165029	ABCA1	p30690	Cholesterol	17.47	3.39E-18	2.76E-14	14.59	2.58E-15	4.11E-11	1	1	CDS
11	ENSG00000110243	APOA5	p30870	Triglycerides	18.07	8.44E-19	7.34E-15	14.38	4.15E-15	6.36E-11	1	1	CDS
2	ENSG00000241119	UGT1A9	p30660	Direct bilirubin	12.18	6.56E-13	3.69E-09	14.39	4.08E-15	6.36E-11	1	1	CDS
19	ENSG00000104870	FCGRT	p30860	Total protein	53.49	3.21E-54	1.57E-49	14.33	4.65E-15	7.00E-11	1	1	CDS
11	ENSG00000110245	APOC3	p30760	HDL Cholesterol	15.04	9.09E-16	6.46E-12	14.30	4.99E-15	7.36E-11	1	1	CDS
2	ENSG00000180871	CXCR2	p30180	Lymphocyte percentage	38.11	7.69E-39	2.07E-34	14.18	6.61E-15	9.58E-11	1	1	CDS
16	ENSG00000213398	LCAT	p30270	Mean sphered cell volume	13.97	1.06E-14	7.10E-11	14.08	8.23E-15	1.17E-10	1	1	CDS
2	ENSG00000288702	UGT1A3	p30660	Direct bilirubin	9.93	1.18E-10	5.51E-07	13.81	1.53E-14	2.14E-10	1	1	CDS
5	ENSG00000113504	SLC12A7	p30070	Red blood cell distribution width	22.50	3.16E-23	3.75E-19	13.17	6.77E-14	9.29E-10	1	1	CDS
3	ENSG00000036828	CASR	p30680	Calcium	17.50	3.17E-18	2.61E-14	12.45	3.57E-13	4.82E-09	1	1	CDS
9	ENSG00000165702	GFI1B	p30080	Platelet count	11.42	3.77E-12	2.06E-08	12.40	4.02E-13	5.32E-09	1	1	CDS
13	ENSG00000134873	CLDN10	p30720	Cystatin C	10.21	6.22E-11	3.02E-07	12.36	4.38E-13	5.71E-09	1	1	CDS
2	ENSG00000081479	LRP2	p30700	Creatinine	12.32	4.82E-13	2.77E-09	11.87	1.34E-12	1.72E-08	1	1	CDS
17	ENSG00000236320	SLFN14	p30110	Platelet distribution width	19.56	2.75E-20	2.76E-16	11.80	1.60E-12	2.02E-08	1	1	CDS
2	ENSG00000244122	UGT1A7	p30660	Direct bilirubin	22.99	1.01E-23	1.26E-19	11.23	5.88E-12	7.30E-08	1	1	CDS
3	ENSG00000075651	PLD1	p30070	Red blood cell distribution width	32.26	5.49E-33	1.02E-28	11.21	6.14E-12	7.51E-08	1	1	CDS
20	ENSG00000101162	TUBB1	p30090	Platelet crit	14.86	1.37E-15	9.58E-12	11.16	6.87E-12	8.27E-08	1	1	CDS
7	ENSG00000106327	TFR2	p30030	Haematocrit percentage	21.74	1.83E-22	2.13E-18	10.93	1.17E-11	1.39E-07	1	1	CDS
11	ENSG00000244734	HBB	p30010	Red blood cell count	10.10	7.91E-11	3.80E-07	10.92	1.20E-11	1.41E-07	1	1	CDS
17	ENSG00000142494	SLC47A1	p30700	Creatinine	18.28	5.27E-19	4.68E-15	10.77	1.69E-11	1.95E-07	1	1	CDS
16	ENSG00000213398	LCAT	p30070	Red blood cell distribution width	7.94	1.14E-08	3.79E-05	10.65	2.26E-11	2.57E-07	1	1	CDS
2	ENSG00000084674	APOB	p30870	Triglycerides	10.66	2.21E-11	1.11E-07	10.61	2.48E-11	2.77E-07	1	1	CDS
11	ENSG00000110243	APOA5	p30760	HDL Cholesterol	9.15	7.14E-10	2.96E-06	10.23	5.87E-11	6.46E-07	1	1	CDS
7	ENSG00000106327	TFR2	p30020	Haemoglobin concentration	31.52	2.99E-32	5.19E-28	10.18	6.68E-11	7.25E-07	1	1	CDS
1	ENSG00000183508	TENT5C	p30240	Reticulocyte percentage	10.88	1.32E-11	6.75E-08	10.13	7.44E-11	7.97E-07	1	1	CDS
9	ENSG00000096968	JAK2	p30070	Red blood cell distribution width	9.99	1.03E-10	4.83E-07	10.08	8.24E-11	8.70E-07	1	1	CDS
1	ENSG00000078369	GNB1	p30210	Eosinophill percentage	8.79	1.61E-09	6.31E-06	10.02	9.56E-11	9.96E-07	1	1	CDS
4	ENSG00000196616	ADH1B	p30630	Apolipoprotein A	9.29	5.09E-10	2.16E-06	9.68	2.11E-10	2.17E-06	1	1	CDS
3	ENSG00000214706	IFRD2	p30300	High light scatter reticulocyte count	16.60	2.50E-17	1.91E-13	9.59	2.59E-10	2.63E-06	1	1	CDS
22	ENSG00000177663	IL17RA	p30190	Monocyte percentage	139.73	1.87E-140	2.93E-135	9.49	3.21E-10	3.22E-06	1	1	CDS
3	ENSG00000214706	IFRD2	p30290	High light scatter reticulocyte percentage	17.42	3.80E-18	3.06E-14	9.39	4.03E-10	3.99E-06	1	1	CDS
12	ENSG00000073060	SCARB1	p30690	Cholesterol	7.32	4.80E-08	0.0001420608735	9.36	4.34E-10	4.24E-06	1	1	CDS
7	ENSG00000135218	CD36	p30110	Platelet distribution width	8.11	7.83E-09	2.72E-05	9.35	4.49E-10	4.33E-06	1	1	CDS
1	ENSG00000132855	ANGPTL3	p30870	Triglycerides	8.56	2.74E-09	1.04E-05	9.20	6.37E-10	6.07E-06	1	1	CDS
16	ENSG00000087237	CETP	p30630	Apolipoprotein A	8.59	2.57E-09	9.88E-06	9.18	6.59E-10	6.21E-06	1	1	CDS
22	ENSG00000183765	CHEK2	p30090	Platelet crit	9.21	6.20E-10	2.59E-06	9.07	8.45E-10	7.87E-06	1	1	CDS
2	ENSG00000084674	APOB	p30690	Cholesterol	19.20	6.27E-20	6.13E-16	9.02	9.51E-10	8.75E-06	1	1	CDS
13	ENSG00000122025	FLT3	p30190	Monocyte percentage	15.01	9.88E-16	6.96E-12	9.00	1.01E-09	9.16E-06	0	1	CDS
9	ENSG00000198569	SLC34A3	p30810	Phosphate	6.87	1.34E-07	0.0003649437412	8.92	1.20E-09	1.08E-05	0	1	CDS
9	ENSG00000198569	SLC34A3	p30720	Cystatin C	9.66	2.21E-10	9.83E-07	8.83	1.50E-09	1.33E-05	0	1	CDS
17	ENSG00000004939	SLC4A1	p30260	Mean reticulocyte volume	9.60	2.50E-10	1.11E-06	8.72	1.89E-09	1.66E-05	0	1	CDS
1	ENSG00000116183	PAPPA2	p30770	IGF-1	8.23	5.89E-09	2.11E-05	8.67	2.12E-09	1.80E-05	0	1	CDS
1	ENSG00000162551	ALPL	p30680	Calcium	6.77	1.69E-07	0.0004415472856	8.68	2.10E-09	1.80E-05	0	1	CDS
2	ENSG00000244474	UGT1A4	p30660	Direct bilirubin	16.64	2.30E-17	1.78E-13	8.68	2.10E-09	1.80E-05	0	1	CDS
3	ENSG00000214706	IFRD2	p30240	Reticulocyte percentage	16.86	1.38E-17	1.11E-13	8.57	2.70E-09	2.27E-05	0	1	CDS
11	ENSG00000110245	APOC3	p30630	Apolipoprotein A	9.10	7.91E-10	3.26E-06	8.46	3.43E-09	2.86E-05	0	1	CDS
6	ENSG00000137198	GMPR	p30240	Reticulocyte percentage	22.68	2.08E-23	2.54E-19	8.45	3.52E-09	2.88E-05	0	1	CDS
1	ENSG00000183508	TENT5C	p30250	Reticulocyte count	8.03	9.29E-09	3.13E-05	8.45	3.53E-09	2.88E-05	0	1	CDS
19	ENSG00000125910	S1PR4	p30150	Eosinophill count	13.46	3.48E-14	2.28E-10	8.39	4.04E-09	3.26E-05	0	1	CDS
3	ENSG00000214706	IFRD2	p30250	Reticulocyte count	15.26	5.44E-16	3.97E-12	8.34	4.54E-09	3.62E-05	0	1	CDS
3	ENSG00000090534	THPO	p30090	Platelet crit	6.45	3.58E-07	0.0008437432742	8.31	4.86E-09	3.84E-05	0	1	CDS
16	ENSG00000140968	IRF8	p30130	Monocyte count	29.38	4.13E-30	6.73E-26	8.09	8.21E-09	6.42E-05	0	1	CDS
22	ENSG00000025708	TYMP	p30260	Mean reticulocyte volume	5.54	2.89E-06	0.005173768242	8.07	8.59E-09	6.65E-05	0	1	CDS
3	ENSG00000169704	GP9	p30080	Platelet count	19.09	8.13E-20	7.85E-16	8.04	9.13E-09	7.00E-05	0	1	CDS
17	ENSG00000240505	TNFRSF13B	p30860	Total protein	31.58	2.62E-32	4.66E-28	8.01	9.81E-09	7.44E-05	0	1	CDS
12	ENSG00000257046	SLCO1B3-SLCO1B7	p30660	Direct bilirubin	6.52	3.03E-07	0.000730959639	7.99	1.01E-08	7.62E-05	0	1	CDS
1	ENSG00000078369	GNB1	p30260	Mean reticulocyte volume	6.78	1.68E-07	0.0004411760808	7.95	1.12E-08	8.37E-05	0	1	CDS
18	ENSG00000141458	NPC1	p30110	Platelet distribution width	7.25	5.66E-08	0.0001632597461	7.91	1.22E-08	9.03E-05	0	1	CDS
9	ENSG00000096968	JAK2	p30180	Lymphocyte percentage	7.39	4.11E-08	0.0001249784932	7.84	1.45E-08	0.0001062220381	0	1	CDS
4	ENSG00000123739	PLA2G12A	p30870	Triglycerides	18.15	7.12E-19	6.25E-15	7.64	2.31E-08	0.0001674575189	0	1	CDS
19	ENSG00000198858	R3HDM4	p30290	High light scatter reticulocyte percentage	7.34	4.55E-08	0.0001363948273	7.59	2.56E-08	0.0001839381905	0	1	CDS
12	ENSG00000134538	SLCO1B1	p30660	Direct bilirubin	7.29	5.08E-08	0.0001492577089	7.43	3.71E-08	0.0002639220783	0	1	CDS
18	ENSG00000141458	NPC1	p30200	Neutrophill percentage	6.82	1.50E-07	0.0004063877094	7.42	3.82E-08	0.0002694669017	0	1	CDS
2	ENSG00000119772	DNMT3A	p30210	Eosinophill percentage	5.89	1.29E-06	0.002550182798	7.35	4.42E-08	0.0003067184947	0	1	CDS
8	ENSG00000175445	LPL	p30760	HDL Cholesterol	16.47	3.42E-17	2.59E-13	7.35	4.43E-08	0.0003067184947	0	1	CDS
7	ENSG00000015520	NPC1L1	p30690	Cholesterol	7.14	7.27E-08	0.0002068215144	7.33	4.66E-08	0.0003198553036	0	1	CDS
17	ENSG00000259384	GH1	p30770	IGF-1	8.49	3.22E-09	1.21E-05	7.27	5.34E-08	0.0003632624999	0	1	CDS
20	ENSG00000042062	RIPOR3	p30110	Platelet distribution width	5.58	2.64E-06	0.004793040928	7.25	5.61E-08	0.0003781729126	0	1	CDS
2	ENSG00000138075	ABCG5	p30640	Apolipoprotein B	7.05	8.82E-08	0.0002455851417	7.23	5.88E-08	0.0003928733281	0	1	CDS
6	ENSG00000137198	GMPR	p30250	Reticulocyte count	18.95	1.13E-19	1.08E-15	7.19	6.43E-08	0.0004261734599	0	1	CDS
3	ENSG00000010327	STAB1	p30860	Total protein	6.28	5.26E-07	0.001170957928	7.18	6.66E-08	0.0004356895681	0	1	CDS
1	ENSG00000078369	GNB1	p30180	Lymphocyte percentage	7.37	4.25E-08	0.0001288839096	7.17	6.69E-08	0.0004356895681	0	1	CDS
17	ENSG00000185245	GP1BA	p30110	Platelet distribution width	6.58	2.62E-07	0.0006471264415	7.15	7.01E-08	0.0004531928374	0	1	CDS
1	ENSG00000159388	BTG2	p30270	Mean sphered cell volume	5.20	6.28E-06	0.009787565704	7.14	7.25E-08	0.0004649096673	0	1	CDS
14	ENSG00000092067	CEBPE	p30190	Monocyte percentage	13.23	5.95E-14	3.85E-10	7.13	7.42E-08	0.0004719470722	0	1	CDS
13	ENSG00000122025	FLT3	p30130	Monocyte count	21.42	3.78E-22	4.29E-18	7.10	7.86E-08	0.0004956290146	0	1	CDS
14	ENSG00000092067	CEBPE	p30210	Eosinophill percentage	6.43	3.69E-07	0.0008664513329	7.07	8.57E-08	0.0005362513452	0	1	CDS
1	ENSG00000183508	TENT5C	p30290	High light scatter reticulocyte percentage	7.01	9.85E-08	0.0002704852253	7.05	8.95E-08	0.000555773535	0	1	CDS
19	ENSG00000213996	TM6SF2	p30690	Cholesterol	4.81	1.53E-05	0.02070763084	7.00	1.00E-07	0.0006174825467	0	1	CDS
16	ENSG00000206177	HBM	p30240	Reticulocyte percentage	5.93	1.17E-06	0.002358182665	6.99	1.03E-07	0.0006266693267	0	1	CDS
12	ENSG00000111252	SH2B3	p30720	Cystatin C	13.17	6.83E-14	4.34E-10	6.96	1.08E-07	0.0006577315845	0	1	CDS
9	ENSG00000096968	JAK2	p30110	Platelet distribution width	5.83	1.47E-06	0.002862479299	6.96	1.11E-07	0.0006669220176	0	1	CDS
9	ENSG00000198569	SLC34A3	p30030	Haematocrit percentage	6.26	5.49E-07	0.001210208098	6.93	1.17E-07	0.0007007887349	0	1	CDS
19	ENSG00000125910	S1PR4	p30210	Eosinophill percentage	6.74	1.81E-07	0.0004691281188	6.89	1.30E-07	0.0007682887545	0	1	CDS
5	ENSG00000145703	IQGAP2	p30080	Platelet count	18.72	1.92E-19	1.81E-15	6.87	1.35E-07	0.0007965384904	0	1	CDS
15	ENSG00000140443	IGF1R	p30770	IGF-1	5.40	3.95E-06	0.006693240528	6.86	1.37E-07	0.0008018878058	0	1	CDS
3	ENSG00000175054	ATR	p30260	Mean reticulocyte volume	17.90	1.27E-18	1.08E-14	6.86	1.39E-07	0.0008062591181	0	1	CDS
20	ENSG00000019186	CYP24A1	p30670	Urea	6.06	8.81E-07	0.001826531042	6.84	1.46E-07	0.0008404840947	0	1	CDS
2	ENSG00000054219	LY75	p30090	Platelet crit	19.26	5.52E-20	5.47E-16	6.77	1.70E-07	0.0009675631533	0	1	CDS
17	ENSG00000185245	GP1BA	p30080	Platelet count	6.40	3.97E-07	0.0009269015334	6.77	1.71E-07	0.0009675631533	0	1	CDS
5	ENSG00000131183	SLC34A1	p30720	Cystatin C	5.09	8.15E-06	0.01221681239	6.75	1.77E-07	0.0009932157719	0	1	CDS
9	ENSG00000198569	SLC34A3	p30700	Creatinine	6.80	1.58E-07	0.000424986778	6.74	1.84E-07	0.001027496549	0	1	CDS
17	ENSG00000167711	SERPINF2	p30600	Albumin	5.24	5.71E-06	0.009094250561	6.69	2.02E-07	0.00112289538	0	1	CDS
2	ENSG00000068724	TTC7A	p30260	Mean reticulocyte volume	7.36	4.40E-08	0.0001327512575	6.68	2.11E-07	0.001160940771	0	1	CDS
22	ENSG00000183765	CHEK2	p30000	White blood cell count	6.56	2.74E-07	0.0006696354384	6.67	2.14E-07	0.001170098359	0	1	CDS
9	ENSG00000198569	SLC34A3	p30020	Haemoglobin concentration	5.49	3.23E-06	0.005698029343	6.57	2.67E-07	0.001449725959	0	1	CDS
15	ENSG00000198535	C2CD4A	p30770	IGF-1	8.27	5.34E-09	1.95E-05	6.56	2.73E-07	0.001472517299	0	1	CDS
14	ENSG00000092067	CEBPE	p30150	Eosinophill count	7.14	7.16E-08	0.0002044126859	6.54	2.91E-07	0.00155817256	0	1	CDS
7	ENSG00000086232	EIF2AK1	p30280	Immature reticulocyte fraction	5.96	1.10E-06	0.002236079207	6.53	2.96E-07	0.001574748027	0	1	CDS
5	ENSG00000213347	MXD3	p30810	Phosphate	6.70	2.02E-07	0.0005120326928	6.52	2.99E-07	0.001579234752	0	1	CDS
5	ENSG00000131183	SLC34A1	p30810	Phosphate	5.95	1.13E-06	0.00229832321	6.52	3.05E-07	0.001601408536	0	1	CDS
19	ENSG00000198858	R3HDM4	p30300	High light scatter reticulocyte count	6.35	4.47E-07	0.001025255958	6.48	3.30E-07	0.001720153283	0	1	CDS
1	ENSG00000163050	COQ8A	p30260	Mean reticulocyte volume	6.23	5.84E-07	0.001271375854	6.46	3.49E-07	0.001808637205	0	1	CDS
1	ENSG00000143627	PKLR	p30010	Red blood cell count	7.65	2.26E-08	7.27E-05	6.43	3.68E-07	0.001893933909	0	1	CDS
19	ENSG00000198858	R3HDM4	p30280	Immature reticulocyte fraction	6.49	3.21E-07	0.0007680343693	6.40	3.95E-07	0.002020398218	0	1	CDS
4	ENSG00000123739	PLA2G12A	p30760	HDL Cholesterol	18.44	3.66E-19	3.29E-15	6.38	4.19E-07	0.002126756098	0	1	CDS
17	ENSG00000285947	ENSG00000285947	p30770	IGF-1	7.28	5.25E-08	0.0001536799273	6.37	4.27E-07	0.002152765424	0	1	CDS
8	ENSG00000175445	LPL	p30870	Triglycerides	12.24	5.79E-13	3.31E-09	6.36	4.33E-07	0.002171269887	0	1	CDS
19	ENSG00000104870	FCGRT	p30680	Calcium	18.60	2.52E-19	2.32E-15	6.34	4.54E-07	0.002262709265	0	1	CDS
17	ENSG00000004939	SLC4A1	p30270	Mean sphered cell volume	6.55	2.79E-07	0.0006793966095	6.31	4.92E-07	0.002435686117	0	1	CDS
3	ENSG00000010327	STAB1	p30600	Albumin	6.77	1.68E-07	0.0004414099754	6.30	5.02E-07	0.002468375819	0	1	CDS
5	ENSG00000174358	SLC6A19	p30700	Creatinine	12.63	2.36E-13	1.42E-09	6.26	5.51E-07	0.002693198879	0	1	CDS
1	ENSG00000159388	BTG2	p30260	Mean reticulocyte volume	5.74	1.83E-06	0.003474971056	6.25	5.61E-07	0.002724159498	0	1	CDS
3	ENSG00000164062	APEH	p30010	Red blood cell count	7.12	7.64E-08	0.0002158085459	6.25	5.65E-07	0.002727428618	0	1	CDS
7	ENSG00000106327	TFR2	p30070	Red blood cell distribution width	9.72	1.91E-10	8.58E-07	6.22	6.05E-07	0.002869422262	0	1	CDS
6	ENSG00000137198	GMPR	p30290	High light scatter reticulocyte percentage	20.05	8.90E-21	9.16E-17	6.22	6.01E-07	0.002869422262	0	1	CDS
1	ENSG00000143627	PKLR	p30030	Haematocrit percentage	9.80	1.60E-10	7.35E-07	6.22	6.04E-07	0.002869422262	0	1	CDS
3	ENSG00000164062	APEH	p30070	Red blood cell distribution width	6.64	2.31E-07	0.0005780079524	6.17	6.72E-07	0.003166724774	0	1	CDS
11	ENSG00000167325	RRM1	p30260	Mean reticulocyte volume	9.42	3.79E-10	1.62E-06	6.16	6.89E-07	0.003228508517	0	1	CDS
19	ENSG00000125910	S1PR4	p30090	Platelet crit	5.22	6.06E-06	0.009525308821	6.15	7.08E-07	0.003293738573	0	1	CDS
1	ENSG00000151414	NEK7	p30650	Aspartate aminotransferase	5.56	2.74E-06	0.004952889948	6.14	7.17E-07	0.003316131187	0	1	CDS
9	ENSG00000096968	JAK2	p30200	Neutrophill percentage	5.48	3.27E-06	0.00571465996	6.13	7.44E-07	0.003420892968	0	1	CDS
19	ENSG00000167772	ANGPTL4	p30870	Triglycerides	6.73	1.84E-07	0.0004736034136	6.12	7.57E-07	0.003463317419	0	1	CDS
3	ENSG00000114383	TUSC2	p30070	Red blood cell distribution width	5.22	6.00E-06	0.009462518273	6.10	7.94E-07	0.003608360838	0	1	CDS
6	ENSG00000112077	RHAG	p30240	Reticulocyte percentage	4.33	4.71E-05	0.05064038844	6.06	8.79E-07	0.003971845115	0	1	CDS
14	ENSG00000205436	EXOC3L4	p30080	Platelet count	5.29	5.13E-06	0.008392483789	6.05	8.89E-07	0.003993918141	0	1	CDS
16	ENSG00000103335	PIEZO1	p30750	Glycated haemoglobin (HbA1c)	21.17	6.77E-22	7.35E-18	6.05	9.00E-07	0.004022076799	0	1	CDS
2	ENSG00000152254	G6PC2	p30750	Glycated haemoglobin (HbA1c)	37.21	6.19E-38	1.47E-33	6.03	9.37E-07	0.004163185285	0	1	CDS
2	ENSG00000248672	LY75-CD302	p30090	Platelet crit	18.52	3.02E-19	2.74E-15	6.01	9.74E-07	0.004304127633	0	1	CDS
3	ENSG00000284862	CCDC39	p30620	Alanine aminotransferase	4.57	2.67E-05	0.0323135094	6.00	9.98E-07	0.004384685067	0	1	CDS
3	ENSG00000175054	ATR	p30270	Mean sphered cell volume	20.59	2.60E-21	2.71E-17	5.96	1.10E-06	0.00479419149	0	1	CDS
19	ENSG00000167601	AXL	p30270	Mean sphered cell volume	7.02	9.61E-08	0.0002655045525	5.95	1.11E-06	0.004842792962	0	1	CDS
22	ENSG00000025708	TYMP	p30270	Mean sphered cell volume	3.76	0.0001720243795	0.1271577223	5.92	1.19E-06	0.005144341996	0	1	CDS
1	ENSG00000078369	GNB1	p30200	Neutrophill percentage	6.72	1.91E-07	0.0004873791892	5.88	1.31E-06	0.005641141839	0	1	CDS
12	ENSG00000073060	SCARB1	p30070	Red blood cell distribution width	5.05	8.96E-06	0.01332424665	5.88	1.33E-06	0.005666792597	0	1	CDS
6	ENSG00000135587	SMPD2	p30070	Red blood cell distribution width	8.19	6.47E-09	2.30E-05	5.86	1.40E-06	0.005930626648	0	1	CDS
1	ENSG00000078369	GNB1	p30140	Neutrophill count	6.30	5.04E-07	0.00113702217	5.84	1.44E-06	0.006079063491	0	1	CDS
16	ENSG00000048462	TNFRSF17	p30860	Total protein	7.91	1.24E-08	4.08E-05	5.82	1.50E-06	0.006296880673	0	1	CDS
7	ENSG00000166925	TSC22D4	p30070	Red blood cell distribution width	11.14	7.32E-12	3.88E-08	5.82	1.53E-06	0.006393325281	0	1	CDS
8	ENSG00000175445	LPL	p30630	Apolipoprotein A	12.44	3.64E-13	2.14E-09	5.81	1.55E-06	0.006440069562	0	1	CDS
16	ENSG00000140961	OSGIN1	p30700	Creatinine	4.96	1.11E-05	0.01588407414	5.81	1.56E-06	0.006467204641	0	1	CDS
16	ENSG00000213398	LCAT	p30750	Glycated haemoglobin (HbA1c)	5.63	2.37E-06	0.004383167228	5.80	1.59E-06	0.006543570814	0	1	CDS
5	ENSG00000198055	GRK6	p30200	Neutrophill percentage	7.25	5.66E-08	0.0001632597461	5.79	1.62E-06	0.006622699358	0	1	CDS
15	ENSG00000128849	CGNL1	p30700	Creatinine	5.91	1.23E-06	0.002459470684	5.77	1.69E-06	0.006900128505	0	1	CDS
18	ENSG00000141458	NPC1	p30190	Monocyte percentage	6.26	5.54E-07	0.001216069538	5.76	1.72E-06	0.006985075403	0	1	CDS
7	ENSG00000086232	EIF2AK1	p30290	High light scatter reticulocyte percentage	5.93	1.18E-06	0.002374798041	5.74	1.80E-06	0.007269201001	0	1	CDS
9	ENSG00000136872	ALDOB	p30630	Apolipoprotein A	6.05	8.99E-07	0.001849927937	5.72	1.91E-06	0.007674742203	0	1	CDS
7	ENSG00000086232	EIF2AK1	p30300	High light scatter reticulocyte count	6.02	9.52E-07	0.001954894983	5.69	2.06E-06	0.008213577064	0	1	CDS
6	ENSG00000170927	PKHD1	p30700	Creatinine	8.75	1.77E-09	6.87E-06	5.68	2.08E-06	0.008248067026	0	1	CDS
11	ENSG00000085117	CD82	p30190	Monocyte percentage	3.72	0.0001900990734	0.136387877	5.66	2.17E-06	0.008565509821	0	1	CDS
6	ENSG00000137198	GMPR	p30300	High light scatter reticulocyte count	17.68	2.10E-18	1.75E-14	5.64	2.28E-06	0.008948604854	0	1	CDS
9	ENSG00000137074	APTX	p30020	Haemoglobin concentration	4.92	1.20E-05	0.01696107116	5.63	2.32E-06	0.00907315671	0	1	CDS
12	ENSG00000152556	PFKM	p30750	Glycated haemoglobin (HbA1c)	6.89	1.29E-07	0.0003504826395	5.63	2.36E-06	0.009184432997	0	1	CDS
19	ENSG00000099331	MYO9B	p30080	Platelet count	5.16	6.96E-06	0.01065804397	5.62	2.38E-06	0.00919850054	0	1	CDS
16	ENSG00000153048	CARHSP1	p30070	Red blood cell distribution width	3.99	0.0001028892496	0.08960496427	5.62	2.40E-06	0.009255126726	0	1	CDS
6	ENSG00000197594	ENPP1	p30810	Phosphate	6.34	4.54E-07	0.001036153952	5.58	2.64E-06	0.01012530794	0	1	CDS
14	ENSG00000165801	ARHGEF40	p30030	Haematocrit percentage	4.83	1.48E-05	0.0199848351	5.56	2.74E-06	0.01045236451	0	1	CDS
16	ENSG00000213398	LCAT	p30690	Cholesterol	5.22	6.00E-06	0.009462518273	5.56	2.77E-06	0.01050754327	0	1	CDS
5	ENSG00000152684	PELO	p30300	High light scatter reticulocyte count	4.42	3.78E-05	0.04250632936	5.55	2.84E-06	0.01074108274	0	1	CDS
19	ENSG00000125910	S1PR4	p30140	Neutrophill count	34.37	4.30E-35	8.85E-31	5.54	2.87E-06	0.01078661238	0	1	CDS
19	ENSG00000064932	SBNO2	p30120	Lymphocyte count	4.31	4.95E-05	0.05223483169	5.51	3.08E-06	0.0114516776	0	1	CDS
4	ENSG00000123739	PLA2G12A	p30630	Apolipoprotein A	27.35	4.43E-28	6.54E-24	5.51	3.07E-06	0.0114516776	0	1	CDS
3	ENSG00000175054	ATR	p30070	Red blood cell distribution width	8.93	1.17E-09	4.71E-06	5.50	3.18E-06	0.01173633633	0	1	CDS
1	ENSG00000183508	TENT5C	p30300	High light scatter reticulocyte count	5.21	6.10E-06	0.009556257905	5.50	3.18E-06	0.01173633633	0	1	CDS
5	ENSG00000113739	STC2	p30000	White blood cell count	5.49	3.25E-06	0.00571465996	5.50	3.20E-06	0.01173893787	0	1	CDS
15	ENSG00000128849	CGNL1	p30720	Cystatin C	6.40	3.95E-07	0.0009255117586	5.48	3.31E-06	0.01210821009	0	1	CDS
1	ENSG00000158711	ELK4	p30180	Lymphocyte percentage	6.11	7.83E-07	0.001651484485	5.48	3.33E-06	0.01210821009	0	1	CDS
17	ENSG00000196712	NF1	p30650	Aspartate aminotransferase	4.49	3.23E-05	0.03744593118	5.46	3.46E-06	0.01253385472	0	1	CDS
16	ENSG00000008710	PKD1	p30130	Monocyte count	4.28	5.27E-05	0.05462877425	5.45	3.52E-06	0.01269751322	0	1	CDS
1	ENSG00000196754	S100A2	p30200	Neutrophill percentage	4.75	1.80E-05	0.02324777903	5.45	3.58E-06	0.01284345635	0	1	CDS
10	ENSG00000266412	NCOA4	p30030	Haematocrit percentage	4.40	3.97E-05	0.04419074217	5.44	3.63E-06	0.01295878525	0	1	CDS
2	ENSG00000180871	CXCR2	p30190	Monocyte percentage	14.19	6.45E-15	4.39E-11	5.44	3.67E-06	0.01305556667	0	1	CDS
2	ENSG00000081479	LRP2	p30720	Cystatin C	6.50	3.14E-07	0.0007528540787	5.42	3.77E-06	0.01332711465	0	1	CDS
22	ENSG00000187045	TMPRSS6	p30070	Red blood cell distribution width	6.74	1.80E-07	0.0004682544486	5.41	3.93E-06	0.01383488117	0	1	CDS
6	ENSG00000112077	RHAG	p30270	Mean sphered cell volume	4.45	3.58E-05	0.04089948469	5.40	3.98E-06	0.01397215982	0	1	CDS
19	ENSG00000063176	SPHK2	p30180	Lymphocyte percentage	4.73	1.85E-05	0.02389019621	5.39	4.07E-06	0.01421315163	0	1	CDS
13	ENSG00000134873	CLDN10	p30670	Urea	4.73	1.84E-05	0.02377857274	5.39	4.11E-06	0.01427959498	0	1	CDS
14	ENSG00000165801	ARHGEF40	p30020	Haemoglobin concentration	4.60	2.54E-05	0.03103541446	5.38	4.14E-06	0.01433375472	0	1	CDS
9	ENSG00000165702	GFI1B	p30110	Platelet distribution width	9.54	2.91E-10	1.27E-06	5.37	4.29E-06	0.01479321436	0	1	CDS
22	ENSG00000203618	GP1BB	p30080	Platelet count	4.85	1.42E-05	0.01937190715	5.36	4.32E-06	0.01480960791	0	1	CDS
17	ENSG00000262165	C17orf114	p30090	Platelet crit	3.37	0.0004227367459	0.2238361533	5.36	4.34E-06	0.01482698763	0	1	CDS
1	ENSG00000078369	GNB1	p30010	Red blood cell count	5.68	2.07E-06	0.003897041916	5.35	4.45E-06	0.01512622554	0	1	CDS
7	ENSG00000146674	IGFBP3	p30770	IGF-1	8.42	3.78E-09	1.41E-05	5.33	4.67E-06	0.01580179516	0	1	CDS
22	ENSG00000183765	CHEK2	p30140	Neutrophill count	5.04	9.14E-06	0.01342971435	5.33	4.71E-06	0.01586683928	0	1	CDS
16	ENSG00000008710	PKD1	p30700	Creatinine	5.26	5.52E-06	0.008894809865	5.32	4.74E-06	0.01592144521	0	1	CDS
7	ENSG00000015520	NPC1L1	p30640	Apolipoprotein B	4.63	2.32E-05	0.02884747211	5.32	4.84E-06	0.01616748811	0	1	CDS
4	ENSG00000196616	ADH1B	p30760	HDL Cholesterol	6.05	8.84E-07	0.001828759553	5.31	4.93E-06	0.01640365193	0	1	CDS
2	ENSG00000054219	LY75	p30080	Platelet count	11.35	4.49E-12	2.44E-08	5.30	5.03E-06	0.0166627395	0	1	CDS
9	ENSG00000096968	JAK2	p30030	Haematocrit percentage	5.49	3.25E-06	0.00571465996	5.29	5.09E-06	0.01679577552	0	1	CDS
19	ENSG00000269858	EGLN2	p30010	Red blood cell count	5.98	1.04E-06	0.002135084387	5.28	5.21E-06	0.01711439103	0	1	CDS
2	ENSG00000115657	ABCB6	p30300	High light scatter reticulocyte count	6.73	1.85E-07	0.0004748632585	5.26	5.45E-06	0.0178431081	0	1	CDS
1	ENSG00000143627	PKLR	p30020	Haemoglobin concentration	9.43	3.75E-10	1.61E-06	5.24	5.78E-06	0.01884070571	0	1	CDS
19	ENSG00000167772	ANGPTL4	p30760	HDL Cholesterol	4.53	2.93E-05	0.03454302193	5.22	6.05E-06	0.01963682931	0	1	CDS
9	ENSG00000096968	JAK2	p30140	Neutrophill count	5.43	3.73E-06	0.006370638027	5.20	6.24E-06	0.02018055201	0	1	CDS
11	ENSG00000167323	STIM1	p30810	Phosphate	4.92	1.20E-05	0.0169414013	5.20	6.30E-06	0.02026292486	0	1	CDS
19	ENSG00000198858	R3HDM4	p30240	Reticulocyte percentage	4.91	1.24E-05	0.01731706187	5.19	6.45E-06	0.020657539	0	1	CDS
17	ENSG00000141738	GRB7	p30700	Creatinine	6.12	7.63E-07	0.001617193703	5.19	6.50E-06	0.02076023777	0	1	CDS
4	ENSG00000171234	UGT2B7	p30690	Cholesterol	4.31	4.91E-05	0.05198929991	5.17	6.82E-06	0.02167321307	0	1	CDS
10	ENSG00000266412	NCOA4	p30020	Haemoglobin concentration	4.80	1.59E-05	0.02114250276	5.16	6.89E-06	0.02182033704	0	1	CDS
3	ENSG00000169704	GP9	p30090	Platelet crit	8.65	2.24E-09	8.68E-06	5.15	7.11E-06	0.02240560766	0	1	CDS
16	ENSG00000167395	ZNF646	p30760	HDL Cholesterol	5.56	2.72E-06	0.004929633824	5.14	7.21E-06	0.02259843681	0	1	CDS
4	ENSG00000173542	MOB1B	p30080	Platelet count	4.03	9.25E-05	0.08294532682	5.14	7.22E-06	0.02259843681	0	1	CDS
1	ENSG00000177301	KCNA2	p30070	Red blood cell distribution width	4.92	1.21E-05	0.01712492361	5.14	7.27E-06	0.02264616599	0	1	CDS
10	ENSG00000107611	CUBN	p30700	Creatinine	5.62	2.38E-06	0.004385907596	5.13	7.46E-06	0.02316262984	0	1	CDS
16	ENSG00000206177	HBM	p30290	High light scatter reticulocyte percentage	5.32	4.84E-06	0.007971403592	5.12	7.66E-06	0.02368851774	0	1	CDS
9	ENSG00000198569	SLC34A3	p30010	Red blood cell count	4.17	6.78E-05	0.06623779879	5.10	8.04E-06	0.02474028459	0	1	CDS
2	ENSG00000115657	ABCB6	p30290	High light scatter reticulocyte percentage	7.12	7.59E-08	0.0002149905276	5.07	8.44E-06	0.02589096438	0	1	CDS
3	ENSG00000121807	CCR2	p30130	Monocyte count	5.59	2.59E-06	0.004719434381	5.06	8.72E-06	0.02662676727	0	1	CDS
19	ENSG00000090339	ICAM1	p30120	Lymphocyte count	3.59	0.00025982444	0.1690495192	5.05	8.87E-06	0.02699698619	0	1	CDS
6	ENSG00000158553	POM121L2	p30670	Urea	3.85	0.0001402135548	0.1111248672	5.04	9.03E-06	0.02736583485	0	1	CDS
19	ENSG00000130164	LDLR	p30630	Apolipoprotein A	5.29	5.10E-06	0.008364693432	5.04	9.12E-06	0.02752444962	0	1	CDS
2	ENSG00000115520	COQ10B	p30130	Monocyte count	4.62	2.39E-05	0.02951897882	5.04	9.16E-06	0.02756417888	0	1	CDS
19	ENSG00000104848	KCNA7	p30700	Creatinine	4.81	1.55E-05	0.02080777105	5.03	9.26E-06	0.02774775814	0	1	CDS
21	ENSG00000141959	PFKL	p30030	Haematocrit percentage	5.93	1.18E-06	0.002376395965	5.01	9.69E-06	0.02891459518	0	1	CDS
19	ENSG00000130300	PLVAP	p30240	Reticulocyte percentage	5.84	1.45E-06	0.002829267658	5.01	9.86E-06	0.0293334172	0	1	CDS
16	ENSG00000224578	HNRNPA1L3	p30000	White blood cell count	5.86	1.38E-06	0.002706671263	5.00	9.98E-06	0.02955728102	0	1	CDS
11	ENSG00000110243	APOA5	p30630	Apolipoprotein A	4.95	1.13E-05	0.0161936879	4.98	1.04E-05	0.03075902278	0	1	CDS
18	ENSG00000141458	NPC1	p30140	Neutrophill count	4.72	1.90E-05	0.02437704814	4.98	1.05E-05	0.03078908418	0	1	CDS
11	ENSG00000149311	ATM	p30090	Platelet crit	4.55	2.84E-05	0.03374372267	4.96	1.10E-05	0.03230406283	0	1	CDS
3	ENSG00000164062	APEH	p30030	Haematocrit percentage	4.87	1.36E-05	0.01878018905	4.95	1.13E-05	0.03304179357	0	1	CDS
22	ENSG00000186951	PPARA	p30640	Apolipoprotein B	4.43	3.72E-05	0.04203996184	4.94	1.16E-05	0.0337059155	0	1	CDS
12	ENSG00000188393	CLEC2A	p30660	Direct bilirubin	4.69	2.06E-05	0.02608674738	4.93	1.16E-05	0.03371356225	0	1	CDS
2	ENSG00000021826	CPS1	p30650	Aspartate aminotransferase	4.56	2.77E-05	0.03310706331	4.93	1.17E-05	0.03372633246	0	1	CDS
19	ENSG00000011478	QPCTL	p30710	C-reactive protein	3.45	0.0003534679165	0.2038678384	4.93	1.19E-05	0.03414961097	0	1	CDS
5	ENSG00000198055	GRK6	p30190	Monocyte percentage	4.55	2.82E-05	0.03360179779	4.92	1.19E-05	0.03414961097	0	1	CDS
12	ENSG00000123405	NFE2	p30190	Monocyte percentage	5.04	9.03E-06	0.01334266971	4.91	1.22E-05	0.03484719654	0	1	CDS
14	ENSG00000185246	PRPF39	p30260	Mean reticulocyte volume	3.70	0.0001989436126	0.1400407244	4.90	1.25E-05	0.03562424868	0	1	CDS
17	ENSG00000180787	ZFP3	p30110	Platelet distribution width	5.01	9.76E-06	0.01416705704	4.90	1.26E-05	0.03572393789	0	1	CDS
1	ENSG00000143409	MINDY1	p30120	Lymphocyte count	4.31	4.89E-05	0.05189803562	4.89	1.30E-05	0.03662887766	0	1	CDS
9	ENSG00000188133	TMEM215	p30270	Mean sphered cell volume	4.84	1.45E-05	0.01972225253	4.89	1.30E-05	0.03662887766	0	1	CDS
6	ENSG00000180872	DEFB112	p30150	Eosinophill count	4.81	1.55E-05	0.02080777105	4.86	1.37E-05	0.03827226846	0	1	CDS
18	ENSG00000166974	MAPRE2	p30080	Platelet count	3.44	0.0003597079199	0.2050379713	4.86	1.38E-05	0.0385549706	0	1	CDS
5	ENSG00000112941	TENT4A	p30270	Mean sphered cell volume	2.08	0.00830596315	0.6917591313	4.85	1.41E-05	0.039288196	0	1	CDS
22	ENSG00000133477	FAM83F	p30670	Urea	5.25	5.57E-06	0.008931174722	4.85	1.42E-05	0.039430229	0	1	CDS
8	ENSG00000197265	GTF2E2	p30770	IGF-1	5.06	8.67E-06	0.01294336268	4.84	1.44E-05	0.03969921983	0	1	CDS
3	ENSG00000090534	THPO	p30080	Platelet count	4.29	5.08E-05	0.05308680519	4.84	1.45E-05	0.03980920894	0	1	CDS
2	ENSG00000248672	LY75-CD302	p30080	Platelet count	10.87	1.34E-11	6.80E-08	4.84	1.45E-05	0.03980920894	0	1	CDS
10	ENSG00000042286	AIFM2	p30870	Triglycerides	4.47	3.41E-05	0.03915290882	4.83	1.49E-05	0.04034413513	0	1	CDS
5	ENSG00000113525	IL5	p30210	Eosinophill percentage	4.42	3.78E-05	0.04250632936	4.83	1.49E-05	0.04034413513	0	1	CDS
1	ENSG00000116678	LEPR	p30710	C-reactive protein	5.46	3.45E-06	0.005940083567	4.83	1.48E-05	0.04034413513	0	1	CDS
5	ENSG00000131183	SLC34A1	p30700	Creatinine	5.28	5.30E-06	0.008646351645	4.83	1.50E-05	0.04034413513	0	1	CDS
18	ENSG00000141458	NPC1	p30180	Lymphocyte percentage	4.44	3.66E-05	0.04154217068	4.83	1.49E-05	0.04034413513	0	1	CDS
10	ENSG00000148660	CAMK2G	p30850	Testosterone	4.15	7.08E-05	0.06836021009	4.82	1.51E-05	0.04053922283	0	1	CDS
19	ENSG00000007080	CCDC124	p30290	High light scatter reticulocyte percentage	3.61	0.0002428510581	0.1619125063	4.82	1.52E-05	0.04077045481	0	1	CDS
4	ENSG00000163631	ALB	p30680	Calcium	12.34	4.59E-13	2.66E-09	4.81	1.54E-05	0.04109046701	0	1	CDS
22	ENSG00000183765	CHEK2	p30120	Lymphocyte count	3.22	0.0006012152665	0.2659041658	4.81	1.54E-05	0.04109046701	0	1	CDS
12	ENSG00000139083	ETV6	p30080	Platelet count	3.87	0.0001347255608	0.1081756344	4.80	1.57E-05	0.04153715017	0	1	CDS
5	ENSG00000152684	PELO	p30290	High light scatter reticulocyte percentage	3.82	0.0001516351901	0.11724895	4.80	1.57E-05	0.04153715017	0	1	CDS
13	ENSG00000123191	ATP7B	p30700	Creatinine	4.50	3.17E-05	0.03683486942	4.80	1.59E-05	0.04176591096	0	1	CDS
9	ENSG00000148175	STOM	p30270	Mean sphered cell volume	3.45	0.0003589219346	0.2050379713	4.80	1.60E-05	0.0420138174	0	1	CDS
15	ENSG00000174485	DENND4A	p30600	Albumin	4.30	5.02E-05	0.05266379298	4.79	1.61E-05	0.04211504018	0	1	CDS
5	ENSG00000145703	IQGAP2	p30860	Total protein	4.07	8.60E-05	0.07902760993	4.78	1.65E-05	0.04297116746	0	1	CDS
2	ENSG00000182698	RESP18	p30720	Cystatin C	3.65	0.0002221825772	0.1519715816	4.78	1.66E-05	0.04300628336	0	1	CDS
3	ENSG00000091181	IL5RA	p30210	Eosinophill percentage	7.39	4.04E-08	0.0001240619041	4.77	1.70E-05	0.04396385625	0	1	CDS
6	ENSG00000196812	ZSCAN16	p30130	Monocyte count	4.31	4.94E-05	0.0521755082	4.77	1.70E-05	0.04396385625	0	1	CDS
19	ENSG00000105550	FGF21	p30670	Urea	5.12	7.60E-06	0.01147912137	4.77	1.71E-05	0.04399008732	0	1	CDS
16	ENSG00000099364	FBXL19	p30760	HDL Cholesterol	0.55	0.283272229	0.9889769455	4.76	1.75E-05	0.04487732697	0	1	CDS
11	ENSG00000110713	NUP98	p30150	Eosinophill count	4.44	3.62E-05	0.04124313508	4.76	1.76E-05	0.04487732697	0	1	CDS
6	ENSG00000112200	ZNF451	p30870	Triglycerides	3.84	0.0001434300005	0.1134180343	4.75	1.78E-05	0.04531583973	0	1	CDS
6	ENSG00000112077	RHAG	p30250	Reticulocyte count	3.41	0.0003889376627	0.2145073496	4.75	1.79E-05	0.04533124962	0	1	CDS
10	ENSG00000119919	NKX2-3	p30010	Red blood cell count	4.91	1.22E-05	0.01712549812	4.75	1.80E-05	0.04551661201	0	1	CDS
8	ENSG00000147443	DOK2	p30120	Lymphocyte count	4.80	1.60E-05	0.02114250276	4.74	1.81E-05	0.04574637796	0	1	CDS
5	ENSG00000145703	IQGAP2	p30250	Reticulocyte count	7.62	2.42E-08	7.74E-05	4.73	1.85E-05	0.04642841029	0	1	CDS
15	ENSG00000169018	FEM1B	p30150	Eosinophill count	4.45	3.55E-05	0.04062583552	4.73	1.85E-05	0.04642841029	0	1	CDS
12	ENSG00000065361	ERBB3	p30700	Creatinine	4.61	2.44E-05	0.03006362129	4.73	1.86E-05	0.04647162445	0	1	CDS
16	ENSG00000121281	ADCY7	p30140	Neutrophill count	3.95	0.0001124786253	0.09550998513	4.73	1.87E-05	0.04647162445	0	1	CDS
20	ENSG00000132669	RIN2	p30600	Albumin	3.79	0.0001620764815	0.1216944266	4.73	1.87E-05	0.04647162445	0	1	CDS
17	ENSG00000004939	SLC4A1	p30250	Reticulocyte count	3.33	0.0004667238561	0.2364019811	4.72	1.90E-05	0.04704585059	0	1	CDS
5	ENSG00000145703	IQGAP2	p30240	Reticulocyte percentage	7.32	4.74E-08	0.0001413634437	4.72	1.92E-05	0.04717819137	0	1	CDS
5	ENSG00000198055	GRK6	p30180	Lymphocyte percentage	5.66	2.21E-06	0.004115372178	4.72	1.92E-05	0.04717819137	0	1	CDS